SubReddit_Name,Clustering_Coefficients
StarWarsEU,0.0102872516037
Poetry,0.00935515415787
uglyduckling,0.00955185256845
spiders,0.00938632912687
relationships,0.0121509030635
paris,0.0147466121484
Honda,0.0116006233888
unixporn,0.0107001939745
MachinePorn,0.00765154584954
sanantonio,0.0090293084195
detroitlions,0.0118828425652
2007scape,0.013133403133
teaching,0.0189189271625
mwo,0.0100302269316
fountainpens,0.00674324105355
pornID,0.0236491410929
geology,0.00898596478856
skyrimmods,0.00936590878988
moviescirclejerk,0.00767782316147
PandR,0.00866905437506
synthesizers,0.00855938206906
Stargate,0.00808295532498
Scrubs,0.00884628112173
Military,0.00875455649275
magicskyfairy,0.00959005708358
Steam,0.0102551737498
AlienBlue,0.0101722389133
Pokemongiveaway,0.0293554426366
gonewildstories,0.0147182961015
NewsOfTheWeird,0.00771890547989
SteamGameSwap,0.0117208264943
starcitizen,0.0102288501495
polyamory,0.00578627070171
everymanshouldknow,0.00759053939859
BackYardChickens,0.00603644080848
totalwar,0.0108976843007
entp,0.0167544506624
electricians,0.0103560096968
AutoDetailing,0.00805512500852
MechanicAdvice,0.00769931350373
OneY,0.00807755689127
kratom,0.00970014436383
LongDistance,0.0106552487544
razer,0.0149767471368
LSD,0.0079892730595
deadmau5,0.0129262108231
Boise,0.0
bipolar,0.00829612675262
rutgers,0.0106723998217
gamedev,0.00929635851995
chiliadmystery,0.0181173361405
disney,0.00789808026903
TeamRedditTeams,0.0397063033972
classiccars,0.0108527679058
TMNT,0.0108182079743
iOSProgramming,0.010647104034
malelivingspace,0.00683989746849
lgbt,0.00787858337254
Ohio,0.00674851598325
glutenfree,0.00894068294753
WarshipPorn,0.00758103624333
OnePiece,0.0107315370072
piercing,0.00791378787638
Hair,0.00938652887677
learnart,0.00760819046895
AnimeSketch,0.00964859137345
QuotesPorn,0.0095315572095
Health,0.00765400327747
Browns,0.0104837391674
ContagiousLaughter,0.00916716813248
cocaine,0.0172335516069
ffxiv,0.0117284001823
HistoryPorn,0.00912976190568
FiftyFifty,0.00935450663363
barstoolsports,0.00857474538615
stopdrinking,0.00867025053684
army,0.00947350211036
Drugs,0.00973959024403
TeenMFA,0.0174540446167
coins,0.00707548818934
bdsm,0.010187823059
Dentistry,0.00879977578762
admincraft,0.00651102803024
arma,0.00943777190662
kohi,0.0811823553503
swtor,0.0101759588376
CallOfDuty,0.00962700821138
ftlgame,0.00851393073192
berlin,0.0149184989823
Shitty_Car_Mods,0.0083772004445
NeutralPolitics,0.00989925290767
ghettoglamourshots,0.00865993762385
tampa,0.00622292952678
EDC,0.00752491505272
hardwareswap,0.00853451706652
EDH,0.0109048688483
EDM,0.009096219456
movies,0.0154181349495
standupshots,0.00925988210862
Bravenewbies,0.0165371427368
StandUpComedy,0.00787380137796
programming,0.00975483756441
india,0.00976037630103
DecidingToBeBetter,0.00792640597967
ar15,0.00963491651306
gadgets,0.00991034133468
kpics,0.0149004481315
UofT,0.0181233781641
Tgirls,0.0145093846064
ploungeafterdark,0.0180283650168
AnnArbor,0.0297655897248
SRSsucks,0.00869039574889
HouseOfCards,0.00985919828326
travel,0.00838821364638
RealGirls,0.0112473913803
gats,0.0122777406247
911truth,0.0145098410656
horror,0.00855414955982
wallpapers,0.00908717470904
gaming,0.0160549033067
poker,0.00760081871087
MapPorn,0.00934105426929
Hammocks,0.00845750394901
askscience,0.0111329468572
nerdcubed,0.0110413955665
dogpictures,0.00822151334012
deadpool,0.0101072242886
law,0.00794407443184
Cuckold,0.0183114285238
CFB,0.0102145850207
FortWorth,0.0258686049797
ultimate,0.0
vfx,0.0168220073142
pantyselling,0.0220737508854
Bombing,0.00552501007626
wine,0.00804418938621
CityPorn,0.00881979941721
bleach,0.0111432071317
zen,0.00859730912426
randomactsofamazon,0.0178671267014
london,0.00953304577443
stencils,0.00990660638727
japan,0.0077086078448
vita,0.00945245407275
panthers,0.0135264830304
GlobalOffensive,0.0135540492734
BDSMGW,0.0202577872011
badlinguistics,0.00805598527006
cyanogenmod,0.0119011058761
writing,0.00845342376819
Screenwriting,0.00771775169528
skeptic,0.00761231208225
Rift,0.0115704463575
LeagueofLegendsMeta,0.0107017028934
Judaism,0.00753953127679
hockeyplayers,0.0152038775349
BDSMcommunity,0.00631301810541
IWantToLearn,0.00758514968664
Volvo,0.0132226990364
smoking,0.00735982903472
Braveryjerk,0.0100223121187
grammar,0.00742528227141
dvdcollection,0.00813720528706
shittyadviceanimals,0.00977410225215
mead,0.00827219709531
arrow,0.0108016978193
MCFC,0.0136555404109
Destiny,0.00811667100946
Rateme,0.00933655099178
literature,0.00824890874633
xmen,0.011261621836
ChivalryGame,0.0116948583097
navy,0.0118723439936
USMC,0.0103588110599
Feminism,0.00840422634904
askgaybros,0.0124708930498
Blowjobs,0.0237631828489
WoT,0.0094539004895
shittyfoodporn,0.00885050888525
Muse,0.00694001676023
medicine,0.00874039994221
tappedout,0.0114720378043
AFL,0.0116032565419
bestof,0.00976931822425
Metal,0.00963676057918
LadyBoners,0.00921024280924
knifeclub,0.00804232406556
Morrowind,0.00837278353118
dayz,0.0128346690795
CanadaPolitics,0.00831162120292
GoneWildCD,0.0166030153821
rocksmith,0.0106776947607
dogecoin,0.0118176407472
LawSchool,0.0084093550795
AskUK,0.00882404666706
ShinyPokemon,0.0154801349685
steroids,0.0163928265047
Luthier,0.00967486174271
nhl,0.00604087065049
Trophies,0.0173082730826
BitcoinMining,0.0127567834214
rant,0.00814912155096
Buddhism,0.00731500106263
thick,0.0184936835155
TheLastAirbender,0.0100029177021
longboarding,0.00844568457075
lego,0.00867670026432
ANormalDayInRussia,0.00835795815191
seduction,0.00973373379695
TheFacebookDelusion,0.00939883938771
Volkswagen,0.00850434844013
PenmanshipPorn,0.00919726873976
shittyadvice,0.010040356866
dogs,0.00752984292669
asktransgender,0.0113690303748
ObscureMedia,0.00723923046204
CombatFootage,0.00868063731864
makinghiphop,0.0114153648912
collapse,0.00718057306412
Genealogy,0.00308187396388
Spiderman,0.0103011001367
mildlyinfuriating,0.00954206462121
dresdenfiles,0.0088159785793
MeanJokes,0.0116913500733
weightlifting,0.0261309379595
Awwducational,0.0083895007555
BBW,0.0211582279367
Charleston,0.00850723831962
northernireland,0.015678194269
BBQ,0.00650883361666
Cubers,0.00350605014896
POLITIC,0.00968448563509
worldpolitics,0.00839237732749
VictoriaBC,0.0137790614735
AmateurArchives,0.0213691239473
newzealand,0.011438172456
nononono,0.00783806953551
MMORPG,0.00814614187792
hacking,0.00829766494751
KerbalSpaceProgram,0.0107837711374
gallifrey,0.00860038888966
NewSkaters,0.00862438824843
crappymusic,0.00832400861222
ginger,0.0200666102064
leafs,0.00833350819806
hentai,0.00791541364824
GalaxyNote3,0.00893067088127
macgaming,0.0114300973146
triangle,0.010898686252
4x4,0.00832533447426
ableton,0.0175354193435
chess,0.0073843581791
TexasRangers,0.0133571242458
Gundam,0.00805689064028
translator,0.00777806695936
germany,0.00925990818508
EnoughLibertarianSpam,0.00982088563463
Gaming4Gamers,0.00787526916686
Minecraft,0.011242350867
frugalmalefashion,0.00871508645587
Velo,0.035984961038
Texans,0.0135524209696
medical,0.00532831084062
androiddev,0.00910915896033
Borderlands2,0.0095683825488
WildStar,0.0122949435121
mtgcube,0.0454038943317
Heavymind,0.00773767875123
GWCouples,0.0223086102086
Hiphopcirclejerk,0.0104730063335
socialskills,0.00780480055095
graffhelp,0.0204259104038
Twitch,0.00861280088857
Equestrian,0.00797593052617
Stance,0.0111703759283
minnesota,0.00842667643106
shittybattlestations,0.0078335159972
Torontobluejays,0.00795299516871
GrandTheftAutoV,0.0102980623012
sneakermarket,0.0195165987885
usenet,0.0118633238805
CCW,0.00782790521621
Anxiety,0.00770664444901
de,0.00892075867888
geek,0.00774247858642
realdubstep,0.0145787509997
wedding,0.0109668566177
Swimming,0.012812784926
AskGames,0.00876660044826
SkyrimPorn,0.0102047817726
HuntsvilleAlabama,0.00400663634722
hardstyle,0.0194621760875
Monstercat,0.00688897852855
architecture,0.00928678267344
ems,0.00949454331298
playstation,0.00864012100376
EngineeringStudents,0.00891500958954
Christianity,0.00960439292389
RotMG,0.00270224828838
AskScienceDiscussion,0.00868221588967
DMT,0.0156699119033
changemyview,0.00925505340334
PS3,0.00869495073108
Android,0.0108809192564
taiwan,0.0117521061169
PS4,0.0114607540282
firstworldanarchists,0.00903848480256
Dodgers,0.011220327437
comiccodes,0.0291089158018
trapmuzik,0.0104513041887
lotr,0.00919519885711
Braves,0.00867937403703
wikipedia,0.00763471913728
pcmasterrace,0.0140333953132
greenday,0.00849553587661
spaceengineers,0.0094771662216
AskFeminists,0.00943794821641
LetsNotMeet,0.0108649415803
casualiama,0.00848426557106
stunfisk,0.0123138400912
mazda,0.0136033736881
GameDealsMeta,0.0159083590975
answers,0.00710382226747
grandrapids,0.0340588044837
news,0.0144987015613
chicagobulls,0.0102422254977
russia,0.0100477301756
WouldYouRather,0.00858445950276
guitarpedals,0.00967078062126
ukpolitics,0.00923531314395
Cartalk,0.00774923697385
AppHookup,0.0102503024614
StockMarket,0.0160359067367
ShingekiNoKyojin,0.00913735405942
exmuslim,0.0103262940182
ainbow,0.00721393474827
BPD,0.010077528826
chrome,0.00783501287951
Gunners,0.0113863646661
beer,0.00746948482116
ak47,0.0243262301676
goodyearwelt,0.021521935798
canucks,0.0108515004197
fatlogic,0.0100322976017
NUFC,0.0108990279197
CarAV,0.0084607890342
teenagers,0.0103270115288
roguelikes,0.00674974774165
WritingPrompts,0.0119675849693
r4r,0.008386692638
aviation,0.00853734619252
darksouls,0.00997215016024
braswap,0.0215774247562
Winnipeg,0.0133864997532
DotA2,0.0155825334198
Cleveland,0.00871934462874
leaves,0.00743625955434
windowsphone,0.0110705900475
mexico,0.00682205666363
sushi,0.0104599153026
personalfinance,0.0111212829512
Libraries,0.00422824224935
gamecollecting,0.00932668607515
PhotoshopRequest,0.0245885293025
ShitRedditSays,0.0108781962605
drunkvapes,0.0472797419668
YGOBinders,0.101489961538
Python,0.00952049572529
pitbulls,0.00765284812535
GoneMild,0.0191014339712
bicycletouring,0.00918617172803
talesfromtechsupport,0.00914082185577
PostHardcore,0.00972261213054
playrust,0.0108125447959
TwinCities,0.00893939776943
thesims,0.00767307926496
fireemblem,0.00947909724418
preppers,0.00750177529705
Dexter,0.0102495651777
bikewrench,0.00942819422129
Portland,0.00984970037369
Audi,0.0129170194008
Sonsofanarchy,0.00766677968469
kpop,0.00596838224985
Helicopters,0.0113361592375
Cinema4D,0.0195560785581
Bitcoin,0.0120682907571
rickandmorty,0.00976848058136
quotes,0.00864320886763
perfectloops,0.00891991209988
Pets,0.00699500009171
InternetIsBeautiful,0.0102947740305
ShitRConservativeSays,0.0120398387874
furry,0.00782764045096
pharmacy,0.00747335374752
boston,0.00940667618555
Connecticut,0.0056553213485
animation,0.00637087110063
woahdude,0.0107548033086
esports,0.00528350341688
ketogains,0.0153468509192
DenverBroncos,0.00998844827198
footballmanagergames,0.00852874473661
twinks,0.0239559981561
caps,0.0123257883208
toosoon,0.00900868483162
amateurradio,0.00685130976587
gifs,0.0157122806378
Art,0.0117949823858
fitnesscirclejerk,0.00952319968845
orlando,0.00850863916759
xbox,0.00817039722004
Megaten,0.0101138669751
zombies,0.00821909155819
ArcherFX,0.00825662097185
gaymersgonewild,0.024901059479
getdisciplined,0.00780524037214
whatisthisthing,0.00801354003358
NetflixBestOf,0.00790020513998
NewYorkMets,0.00840840800956
malaysia,0.00910944268078
MarkMyWords,0.00929082021826
radiohead,0.00751292906573
Djent,0.0131086240376
humor,0.00825331260156
mountandblade,0.00940170928692
AskNYC,0.00641676684554
TaylorSwift,0.00881122177581
edmproduction,0.00946286586319
Cubs,0.013473675437
lifehacks,0.00836793659557
letsplay,0.00779191018693
SCP,0.00754437168876
NorthCarolina,0.00670920760982
marketing,0.0132048263182
Random_Acts_Of_Pizza,0.00920092924143
PlantedTank,0.0102668429207
Frugal,0.00782275687068
promos,0.00907381217364
shittyaskscience,0.0095641787355
htpc,0.0101495443052
newtothenavy,0.0293740550023
wildhockey,0.0128079686767
BlackMetal,0.00728286904342
sixwordstories,0.00961735448369
AnimalsBeingBros,0.00959824622284
AskPhysics,0.0134599829507
Dallas,0.0100536336028
applehelp,0.00756380116734
ft86,0.0161673419244
miamidolphins,0.00936374743617
ADHD,0.00792475796379
Korean,0.0143238336941
PS2Cobalt,0.0648818278931
Argentinacirclejerk,0.0404389280064
gis,0.00601279226502
Bad_Cop_No_Donut,0.00753563075508
tennis,0.00605634003228
nova,0.00780018969157
gif,0.0105372763494
Ubuntu,0.00782945431999
MLPCCG,0.0204503697944
Calligraphy,0.00607487929137
happy,0.00790604806866
Stacked,0.0249703774338
firstimpression,0.00852846939225
ChineseLanguage,0.0128885309486
batman,0.00990999205473
occupywallstreet,0.00909395450438
trailerparkboys,0.0072898617329
snackexchange,0.00773913982726
bengals,0.0165287859002
rule34,0.0082101379548
lgg2,0.0149853493419
webcomics,0.00869675596669
BostonBruins,0.00762990185695
mindcrackcirclejerk,0.014921769568
behindthegifs,0.00971355856527
BritishTV,0.00708951327003
TryingForABaby,0.0156982704798
SanJoseSharks,0.0109398770701
golang,0.0156166276984
webdev,0.00969957787157
ToolBand,0.00764915255141
eatsandwiches,0.00866268794974
excel,0.00968212589142
MillerPlanetside,0.0687844171856
dawngate,0.00975275478216
saplings,0.00885565744539
nottheonion,0.0104098135605
phoenix,0.00652342669244
ClopClop,0.0173142001997
football,0.00930203512107
microgrowery,0.00894254090815
Amsterdam,0.00566050117095
fcbayern,0.0155417790035
comicbooks,0.0104076911858
allthingsprotoss,0.0449368440315
AirForce,0.00946661222176
guitarlessons,0.0111977709404
TF2fashionadvice,0.015766863002
asheville,0.00972905360455
ottawa,0.00959321687064
terriblefacebookmemes,0.00942449871135
PrettyGirls,0.00955248971764
gainit,0.00891430715907
OttawaSenators,0.0119296269848
climateskeptics,0.0123395523764
cincinnati,0.00793143298021
ABraThatFits,0.00997836434451
TheGirlSurvivalGuide,0.00784013960103
spelunky,0.0109930738671
milf,0.0132826633744
wiiu,0.0103918207275
skiing,0.00664345354259
freelance,0.00825545246372
editors,0.0107178894184
Showerthoughts,0.0128624386795
duolingo,0.00918779287806
environment,0.00802212670177
reptiles,0.00817282804611
Redskins,0.00951373095983
Atlanta,0.0101657310625
NewOrleans,0.00772759031172
vegan,0.00793652886011
Jokes,0.0129321931409
vegas,0.00232396001719
WhiteRights,0.00767488229837
anonymous,0.00963675789935
litecoin,0.0115102534094
prisonarchitect,0.00838358328178
Celebs,0.00995280205372
australia,0.0112674846163
predaddit,0.0182663021432
fantasywriters,0.0095232062871
dbz,0.00861606260389
techsupport,0.00923717310777
baconreader,0.011181310816
pcgaming,0.00957394638726
Cumberbitches,0.0115211305064
DCcomics,0.0102915506812
fatpeoplestories,0.00985036028455
Swingers,0.0180969327671
marchingband,0.0108993427907
Sissies,0.0151851751831
boardgames,0.00907783500712
InteriorDesign,0.00781241733293
Ford,0.0124328930223
Nexus5,0.00958879511099
RandomActsofMakeup,0.0106324080196
Nexus7,0.00774354344552
worldnews,0.0144941992289
marvelheroes,0.00821478731866
vexillology,0.00789693172918
ExposurePorn,0.00995818142511
OnceUponATime,0.00765012413429
AskTechnology,0.00707994249416
baseball,0.00912831046674
OkCupid,0.0104215664589
Mustang,0.0109515679994
ThriftStoreHauls,0.0068796736456
Breadit,0.00813725568212
lakers,0.00712543504199
progmetal,0.0082967057
javahelp,0.0170529614259
evangelion,0.00837900533187
Maine,0.00670809333223
montreal,0.0101074402732
whatsthisbug,0.00896004181009
yiff,0.00776759044786
TrueReddit,0.0080903723026
Catholicism,0.00878566399324
AmIFreeToGo,0.00778138152447
AntiJokes,0.00959420716188
IdiotsFightingThings,0.00897071867407
FinalFantasy,0.0082191703398
chromeos,0.00987486319025
Multicopter,0.00806429996162
gonewildaudio,0.0169478288627
HIMYM,0.0106200469804
AskHistorians,0.0097847653589
OutOfTheLoop,0.00768053099011
sports,0.0126223055931
Techno,0.0137605725662
iphone,0.0089628547222
misleadingthumbnails,0.00929692673441
Pareidolia,0.00876524477528
Eve,0.0117911154895
oregon,0.00734174634373
cordcutters,0.00639472226785
ladybonersgw,0.00911385052498
UFOs,0.00826795620425
baduk,0.0100183061117
bourbon,0.00776615227012
gameswap,0.0110649577608
judo,0.0152667302858
trackers,0.00988517155862
netflix,0.0076335583715
CoDCompetitive,0.00837473295825
Glitch_in_the_Matrix,0.00941608448733
WaltDisneyWorld,0.00681553109175
MMA,0.0104422342579
gamernews,0.00793506544967
nursing,0.00976591200467
audiophile,0.00681484115173
awesome,0.00995351169778
Pathfinder_RPG,0.00883954051196
arresteddevelopment,0.00963163401631
supremeclothing,0.0202661030503
counting,0.00852221594621
PersonalFinanceCanada,0.00742782910811
Pizza,0.00772070407656
asmr,0.0101103473222
PowerMetal,0.0088460566403
MURICA,0.00889743682893
TheNarutoWorld,0.0258584815212
NBA2k,0.00670965453314
vancouver,0.0094382151648
bikecommuting,0.00644981447116
RedditLaqueristas,0.00897435183709
spaceporn,0.00943295230252
nyc,0.00850248055551
economy,0.00872723181153
GameSale,0.0115314674917
triathlon,0.0179617594164
mac,0.00748120565109
GradSchool,0.00607081494245
smashbros,0.0120753330058
gtaglitches,0.012488506026
surfing,0.00673185484448
oculus,0.0105692569632
Toonami,0.0115999923112
drumcorps,0.0152003656333
futurebeats,0.00664985775765
eFreebies,0.00712386365691
nl_Kripparrian,0.0116851809285
FanTheories,0.00866657230969
tall,0.00855796334644
ImGoingToHellForThis,0.0104613975687
manga,0.00836295922043
shield,0.00982085933879
Hunting,0.00759221249825
Guildwars2,0.0124071332653
washingtondc,0.00897176350771
PurplePillDebate,0.0111938046568
dataisbeautiful,0.00977914796435
battlefield3,0.00884788656019
arduino,0.00857387366467
MAA,0.0145973865296
startrek,0.00770014008429
AndroidQuestions,0.00849024107138
TinyTits,0.0184475803992
Bioshock,0.00896111433634
WTF,0.0154096522522
SoccerBetting,0.0118681474254
texas,0.00808524379817
MilitaryPorn,0.0090613731682
electronicmusic,0.00848648517383
finance,0.00955265317338
Scotland,0.0116303439956
halo,0.0100595407377
occult,0.00680134495095
creepyPMs,0.00938494448699
asianamerican,0.0046863235562
penpals,0.00624440073429
crypto,0.00843488072805
Watches,0.00868086719399
AdviceAnimals,0.017735455002
haskell,0.0160798188195
Anarchism,0.00849611157794
aspergers,0.00709401032663
mildlyinteresting,0.0135344608042
TrueAtheism,0.00809330619061
badhistory,0.0086022171395
Archery,0.0114277017896
CryptoCurrency,0.0110052021622
malegrooming,0.00693747882392
canada,0.0101548289307
SNSD,0.0435668428058
htcone,0.00918215387642
space,0.0103422767704
Michigan,0.00844695841698
ACTrade,0.0196734929419
Dreadlocks,0.00521459519655
malefashionadvice,0.010724364795
penguins,0.015292762608
MCPE,0.0061024777275
flashlight,0.00859620183755
AskAcademia,0.00870540986485
Bondage,0.0168727264206
StLouis,0.0100516306148
cars,0.0101193424597
kansascity,0.0087429906546
ontario,0.00790404502609
vinyl,0.00816203534585
freemasonry,0.00187252343583
longrange,0.0231049018638
youtubehaiku,0.0096147785346
simracing,0.00819405409169
headphones,0.00812779434539
punk,0.0067657134966
howtonotgiveafuck,0.00829417719755
raleigh,0.0139068197257
MakeupAddicts,0.0137918449494
whatstheword,0.00784465270899
Dachshund,0.0088472302014
xbmc,0.0101885781316
Adelaide,0.0252250408119
Brazil,0.00458197874069
FIFA,0.0100871826996
flying,0.00887445172935
StarWars,0.00954822645798
pokemon,0.0120634526244
JRPG,0.00813749673437
granturismo,0.00995891801088
modelmakers,0.00645732158334
vaporents,0.00806575276012
SEO,0.0181489722393
explainlikeimfive,0.014387640635
nutrition,0.00736583120812
Scholar,0.0103834345556
HVAC,0.0124330551437
3DS,0.00954642933619
pittsburgh,0.00866647062854
Standup,0.00860775030339
nsfw_gifs,0.0115421343307
indieheads,0.00817447600761
VapePorn,0.0327148359035
learnpython,0.00931428262598
Battlefield,0.00929621222572
television,0.0132761974009
Colorado,0.00700903787929
sailing,0.00747135260812
TheRedPill,0.0111216640725
knives,0.00797251589152
scuba,0.00570239565823
formula1,0.0104842611586
Blink182,0.00664255088707
FoodPorn,0.0099737169147
wifesharing,0.0240769564634
conspiracy,0.00953970299716
AnythingGoesNews,0.00761265217536
superman,0.0102722007814
Welding,0.00933605842179
Warframe,0.00928446466306
warriors,0.0127027801265
sewing,0.00883103051141
shortscarystories,0.0115117525189
DaftPunk,0.00741150901441
hookah,0.00588558782887
britishproblems,0.00999713937901
madisonwi,0.00600140371298
Futurology,0.0103612129105
MLS,0.0076004685182
INTP,0.00878585844877
crochet,0.0086255264478
dayzlfg,0.034637669619
SVExchange,0.0388902643905
GameTrade,0.0208728217934
Accounting,0.0103035312542
malefashion,0.0111116482142
talesfromcallcenters,0.00876494318426
fffffffuuuuuuuuuuuu,0.00983815585629
PleX,0.0099433243545
selfpublish,0.00881270345188
sgsflair,0.0232812645529
spacex,0.0100742975573
PuzzleAndDragons,0.00591203944428
TheoryOfReddit,0.00735436943922
Sacramento,0.00866903961458
booksuggestions,0.00791385348891
VinylCollectors,0.00858296439264
whowouldwin,0.0101220457938
hockey,0.0106045419678
AsianHotties,0.0174842611835
alcoholism,0.0169119513999
MetalMemes,0.0086363732294
thinkpad,0.00896357927493
beatles,0.00570634766389
Kappa,0.00771892773801
gonewild,0.0128098100084
mormon,0.0257031065381
xxketo,0.0114049540242
KerbalAcademy,0.00808309391919
lostgeneration,0.00722977413519
MonsterHunter,0.00896837182572
elderscrollsonline,0.0130525159993
homestead,0.00633268912079
Netrunner,0.0146613980484
HongKong,0.0100140094834
WeAreTheMusicMakers,0.00886236508535
pornvids,0.0201338081864
nsfw,0.0113810770905
metacanada,0.00730494790715
truetf2,0.0113485661494
asatru,0.00451774327875
AskWomen,0.0102650660178
TheSimpsons,0.00794763722251
Entrepreneur,0.0083271311611
cocktails,0.00831707147988
osugame,0.00761872562484
college,0.00607775543039
entwives,0.00665976094702
pebble,0.00888993713803
KarmaCourt,0.00997316377368
MLPLounge,0.00783085862117
camping,0.00669083052579
whiskey,0.0117112597258
breakingbad,0.00886583555851
CompanyOfHeroes,0.0106599402317
outside,0.00832328552524
longisland,0.00649615152518
jobs,0.00786485065954
cscareerquestions,0.0084131376322
Diablo3Monks,0.0709300126825
giftcardexchange,0.0126694754507
gamingsuggestions,0.00788026749235
RedditDayOf,0.00761634618538
fitmeals,0.00806451179957
3dsFCswap,0.0129704335888
relationship_advice,0.00998713853522
BustyPetite,0.0110714994169
WWE,0.00750095269719
itookapicture,0.00917756330462
GunPorn,0.00886742891483
GetMotivated,0.0121100002532
pakistan,0.0133677947236
bikesgonewild,0.00928713825905
cancer,0.0155533719888
Divorce,0.0101428536204
Delaware,0.00684023700007
reactiongifs,0.0115163375171
Wordpress,0.0133847086153
Cardinals,0.0132997567212
EarthPorn,0.0130049086924
Bonsai,0.0117192189687
Heroclix,0.0158006298308
cycling,0.00815191073
thelastofusfactions,0.0201409284592
RandomActsOfPizza,0.0114299655626
snes,0.0123795137737
confessions,0.00811681603818
HunterXHunter,0.0153897398756
MakeupAddiction,0.0120909043106
androidapps,0.00900103905798
marvelstudios,0.0103099489082
Thetruthishere,0.0112717391516
emulation,0.00696208191219
bmx,0.00833089785735
ruby,0.0149100804752
ABDL,0.0142006670905
GiveMeTheVirus,0.0319715324831
KingkillerChronicle,0.0131189024923
Shave_Bazaar,0.0189716014076
photoshopbattles,0.0110683489035
blackladies,0.00888208001292
Perfectfit,0.0100813666608
offbeat,0.00791547008776
Musicthemetime,0.00585705407316
titanfall,0.0101293464602
LGBTeens,0.00969862579686
latterdaysaints,0.0078488553002
ICanDrawThat,0.0080373594925
GNV,0.0198817645254
Cooking,0.00809569647737
IASIP,0.00870367847595
DIY,0.0102680489822
assassinscreed,0.0102364522443
technology,0.0122397647438
cheatatmathhomework,0.0152743573546
Israel,0.0105024325784
Jazz,0.00682928907414
pokemonzetaomicron,0.00909571621977
touhou,0.00983922423283
daddit,0.00755458158328
watchpeopledie,0.00897910524633
tolkienfans,0.00757453214501
singapore,0.00606318884937
Rowing,0.00814775285248
Toyota,0.0150868784945
DebateAChristian,0.010345269736
linux_gaming,0.00815730696915
climbing,0.00834380930752
Physics,0.0084889513858
PipeTobacco,0.00816447895839
traps,0.0150304786679
TrueFilm,0.00809712395596
dfsports,0.0138032263273
TimAndEric,0.00822520119434
gtavcustoms,0.0122614602251
Graffiti,0.00568373218504
AskEngineers,0.00804790727522
ukulele,0.014445755498
gmod,0.00804250339786
awwwtf,0.00842247117601
Barca,0.0130865627905
brisbane,0.0120116830175
Boxing,0.00585798352784
rupaulsdragrace,0.00891154304293
Conservative,0.00906558291721
dadjokes,0.00932314458287
woodworking,0.00884743826778
GTAV,0.00947376599358
Greyhounds,0.0080513624072
Miata,0.014182371132
UIUC,0.0133318353877
Advice,0.0092822989743
linuxadmin,0.0152475815563
LearnJapanese,0.00560886110196
fairytail,0.0144457589774
perth,0.0198112669752
offmychest,0.00982872479684
robotics,0.00961493673003
RandomActsOfPolish,0.011512757348
Attackontitangame,0.0260381518233
altgonewild,0.0188013998572
Dualsport,0.00976287533446
Shadowrun,0.00981468562784
SmiteLFM,0.0
Liberal,0.00895069926217
bodyweightfitness,0.00804965567807
burlington,0.00949818678391
Colts,0.0140080621287
oblivion,0.00778251297719
compsci,0.00766364188168
Enhancement,0.00805793084118
ExpectationVsReality,0.00899989595224
incremental_games,0.00855707378149
HPMOR,0.00757433799328
ShouldIbuythisgame,0.00815414931581
freebies,0.00713599740022
cowboys,0.00815049299567
Berserk,0.01152544989
gameofthrones,0.0118135573598
Trucks,0.008265599954
Wicca,0.00473195715752
BeautyBoxes,0.0139328495839
mcservers,0.020128602849
glassheads,0.00888547313967
metalgearsolid,0.00867004123057
transformers,0.0109202966409
business,0.00900183079865
FloridaMan,0.00739425338394
whitepeoplegifs,0.0105239205447
Cynicalbrit,0.00959507365737
JonTron,0.00852883109777
drums,0.00750219641527
whatsthisplant,0.00755394056585
custommagic,0.0107925425082
MvC3,0.0390176825928
GoneWildPlus,0.0228887856606
dontstarve,0.00916927926243
wheredidthesodago,0.008907874426
Images,0.0097800741076
NSFWFunny,0.00898396407113
Gunpla,0.00842571652968
puppy101,0.0132980227342
linuxquestions,0.0101966837555
bjj,0.00978661230274
snapchat,0.023426639437
marijuanaenthusiasts,0.00718310699283
Warhammer40k,0.00966640288013
homestuck,0.00786133942664
snakes,0.00701003461815
DnD,0.00983544610158
DnB,0.00895467318471
philadelphia,0.00991972488552
cats,0.0101183480014
emacs,0.0161629465885
Scotch,0.00779281050518
tf2,0.0115075217701
cablefail,0.00765644187335
spicy,0.00713006121986
gamegrumps,0.0106021008943
ketorecipes,0.0090651922337
beerporn,0.00780540034955
bindingofisaac,0.00923038697439
itmejp,0.0115154865136
rugbyunion,0.00737752725876
shittyaskreddit,0.0108013460779
Marvel,0.0100017715407
videography,0.00890228725552
rage,0.00929723536254
comics,0.00939596631088
House,0.0166747649074
dubstep,0.00959759007535
asexuality,0.00861549278298
rust,0.0207534492504
fullmoviesonyoutube,0.00751749081995
rva,0.00621705873816
videos,0.0162545611597
youtube,0.00742293646208
arabs,0.0142345469272
FL_Studio,0.0179085283743
redditblack,0.0211755232389
politics,0.0117801625007
Veterans,0.00804297080438
ForeverAlone,0.00976700308497
SSBPM,0.0114614388258
bicycling,0.00907659978813
Survival,0.00697732946528
shittyama,0.0100292078335
zelda,0.00912673493262
OrthodoxChristianity,0.0180931300954
Cinemagraphs,0.00902964562626
ScotchSwap,0.0447044967204
Frugal_Jerk,0.00846721889621
GalaxyS3,0.012716016031
Omaha,0.00655880426152
ColoradoAvalanche,0.0111563809634
stocks,0.010331514689
psychology,0.0080143503413
somethingimade,0.00733962539133
cosplaygirls,0.00845800784563
AdoptMyVillager,0.0325522828414
feedthebeast,0.0102806370412
Kikpals,0.0180690753992
curvy,0.0211578334059
cpp,0.0145345893536
AsianBeauty,0.012960700245
livesound,0.00960530730342
learndota2,0.00900700958405
AndroidGaming,0.00839596361057
shrooms,0.0137904767797
KitchenConfidential,0.00827159051976
goldenretrievers,0.0111196289581
SampleSize,0.00694797142408
Transmogrification,0.0312896748808
askphilosophy,0.00987432602432
financialindependence,0.00757745056339
Miniswap,0.0295508685958
Cricket,0.00876936558184
SourceFed,0.0114195604636
Habs,0.00959706058019
LearnUselessTalents,0.00866494214577
swoleacceptance,0.00900025660357
MaddenUltimateTeam,0.0137175597362
LucidDreaming,0.00873246049645
ImaginaryMonsters,0.00828811708554
BMW,0.00849633611079
InfertilityBabies,0.0387331790854
PerfectTiming,0.00928389043467
YouShouldKnow,0.00765749469391
Jeep,0.00821561817349
ploompax,0.0209907388555
progrockmusic,0.00842315264502
Bowling,0.00243613486477
DJs,0.0108611262606
Pegging,0.0143247046041
ftm,0.0170048220185
yugioh,0.00760123724626
anal,0.019943990959
LetsTalkMusic,0.00676073536869
tea,0.0061742896427
Denver,0.008927135732
Chargers,0.0105462196361
rapbattles,0.00714816727374
AmISexy,0.00821654201759
nba,0.0119202322209
fantasyfootball,0.00951159708016
cigars,0.00771163613473
forwardsfromgrandma,0.00875798274304
Scrolls,0.00264575520432
investing,0.00892542050736
AskPhotography,0.0133292536469
Anticonsumption,0.0073599450106
powerrangers,0.00935805933795
GuessTheMovie,0.00924732817878
guns,0.0101521104194
tattoos,0.00954693674707
iran,0.0167270208818
hcfactions,0.0421236595585
needamod,0.00842992791213
Finland,0.0122741095258
legaladvice,0.00986036767163
AskElectronics,0.00855696727116
Ebay,0.00694228934096
Supplements,0.00913407412853
berkeley,0.00800225087318
doctorwho,0.00935699482104
TopGear,0.00798040164528
sanfrancisco,0.0083001845778
vegetarian,0.0067859401507
creepy,0.0130605587875
pics,0.017326744354
cripplingalcoholism,0.00836927386793
advertising,0.00785221003645
IWantOut,0.00647235552311
HalfLife,0.00734673565178
JoeRogan,0.00758617487762
Yogscast,0.010968680106
todayilearned,0.015097549501
jailbreak,0.0112713007598
vim,0.0146874405471
Louisville,0.00966063462731
ronandfez,0.0316218869706
AnimeFigures,0.0136054477138
Columbus,0.00866633316416
WebGames,0.00930468432369
musictheory,0.00617987795446
battlefield_4,0.0117388031472
pkmntcgtrades,0.0170382260583
Philippines,0.00427719891242
galaxys4,0.00893369201838
namenerds,0.0118696562556
KillLaKill,0.00855292349642
showerbeer,0.00833408932931
science,0.0115772857063
firstworldproblems,0.00845424302918
Meditation,0.00742498558491
history,0.00982431702986
Denton,0.0227638550245
gamemaker,0.0286879462658
AskScienceFiction,0.00854652715349
Glocks,0.0152543610764
oddlysatisfying,0.00958068289695
Infographics,0.0090040288272
BasicIncome,0.00808381630081
CampingandHiking,0.00740957995255
hardbodies,0.00847348286096
techsupportmacgyver,0.00723917706328
backpacking,0.00753606136997
Hotchickswithtattoos,0.0130730498822
scifi,0.00783555594738
Dreams,0.00858496467944
awwnime,0.00793019457285
Chattanooga,0.00602262965139
blackops2,0.00948976480732
discgolf,0.00634284549001
budgetfood,0.00726639222429
oaklandraiders,0.0121470203903
comicbookmovies,0.0106696430678
CrazyIdeas,0.00810252914347
uwaterloo,0.0159223220056
short,0.00925186745997
GaybrosGoneWild,0.0205965593553
Shitstatistssay,0.010341228878
crafts,0.00742945333241
streetwear,0.00844643135045
DataHoarder,0.00932014696225
Nerf,0.0048485961965
photoshop,0.0068272883983
help,0.00756365852516
softwareswap,0.0122370901085
DoesAnybodyElse,0.00852889201719
pettyrevenge,0.00840156851702
malehairadvice,0.00876305702328
SF4,0.0106476608498
DeepIntoYouTube,0.00840786400687
csharp,0.0114437480763
DIY_eJuice,0.0600062129721
milwaukee,0.00996880961465
islam,0.00976832630271
YGOSales,0.063749343777
summonerschool,0.0119582542994
computers,0.00960225507116
Documentaries,0.00941319765361
StonerEngineering,0.0083334455412
gamedesign,0.00808264000158
TrueChristian,0.0098833497511
argentina,0.00705678753182
soccer,0.0134950944585
askseddit,0.0115994487596
TheRedLion,0.0149161799087
Frisson,0.00813787884694
Charlotte,0.0160532131008
food,0.0121617959451
90daysgoal,0.01188056406
shittydarksouls,0.00730842185925
starbucks,0.00991332432315
NoStupidQuestions,0.0081634599605
VideoEditing,0.0107594722799
makeupexchange,0.0189903858185
WatchItForThePlot,0.00861748164654
webhosting,0.0100086290732
radiocontrol,0.00654331569508
gamemusic,0.00689723663278
energy,0.00827307210892
Saints,0.0152404283317
MST3K,0.00725244554424
TwoXChromosomes,0.0123155867572
DunderMifflin,0.00927071134894
alcohol,0.0099621647391
demonssouls,0.0122157158304
acting,0.00772787547524
leagueoflegends,0.0188386613621
randomsexiness,0.0187872783989
Astronomy,0.00853432593919
DarkSouls2,0.0115450857194
CatsStandingUp,0.0126567873955
ass,0.0114845859085
wisconsin,0.00653873883058
Cyberpunk,0.00689519738123
ECE,0.00931965874595
Tucson,0.0
Roadcam,0.00777078495748
TributeMe,0.0212439934655
PoliticalHumor,0.00873339659708
TalesFromThePizzaGuy,0.00862573955293
running,0.00947003982158
neopets,0.00902520231706
snowboarding,0.00671181830716
NYKnicks,0.00900414682719
Turkey,0.0129838344081
hawks,0.0105491305655
gamingpc,0.00875982937813
churning,0.00919011702198
sydney,0.00939653046143
misc,0.00838424863561
patientgamers,0.00704629647036
feet,0.01736823639
conspiratard,0.00804218323594
GreenBayPackers,0.00852398042667
cade,0.00756659993867
gtaonline,0.00982202391904
Tribes,0.00843892501181
freedonuts,0.0400515088681
projectcar,0.00964801797639
OldSchoolCool,0.0113038761484
OpiatesRecovery,0.0131523506998
onetruegod,0.0104522699417
rails,0.0189146852933
Autos,0.00869753516396
SuggestALaptop,0.00894771366465
Everton,0.0137209483565
aves,0.00999955418204
shittyreactiongifs,0.0102450834431
GTA,0.00784811501058
TrollYChromosome,0.00877174118991
Metroid,0.00808272683935
DaystromInstitute,0.00755975088119
GODZILLA,0.00857106997216
mylittlepony,0.00905053898252
DumpsterDiving,0.0059626952499
madmen,0.00755282180508
Plumbing,0.0180534095284
dogemarket,0.00797749727441
vintageaudio,0.00791578379877
SelfDrivingCars,0.0077844076879
sto,0.00743968543935
Coilporn,0.0634219813321
kindle,0.00545723099324
iOSthemes,0.0134530817043
XWingTMG,0.0118192516561
COents,0.0159110581461
HighQualityGifs,0.00913999136028
Fantasy,0.00970940206697
trance,0.0177480630561
self,0.00752591800473
HomeworkHelp,0.00799535398863
StarcraftCirclejerk,0.0184938521703
depression,0.00991000337487
paydaytheheist,0.00939616122981
MovieSuggestions,0.00843941346492
Fibromyalgia,0.00763078682751
RandomKindness,0.0063579810157
KingdomHearts,0.00826826504266
realmadrid,0.014540294448
progresspics,0.0103328911851
beyondthebump,0.0161337798867
RBA,0.0172627824003
windows,0.0076467669395
jakeandamir,0.0117394363778
chicago,0.0103773994504
Silverbugs,0.00784393413672
TumblrInAction,0.0110003010359
Fishing,0.00792510888912
microsoft,0.0082485430299
golf,0.00762522654685
Psychonaut,0.00756841567069
adventuretime,0.00948359341898
runescape,0.0128976103992
guineapigs,0.00756342252286
LinuxActionShow,0.0172338274061
counterstrike,0.00990677892313
bodybuilding,0.0105692866957
Foodforthought,0.00737197909375
blender,0.00734054255503
Amateur,0.0160733015843
Bass,0.00766145429497
airsoft,0.00861899685947
printSF,0.00745121104632
French,0.00704127560572
harrypotter,0.0095220963157
wicked_edge,0.00804818173998
Trove,0.0127203798135
DetroitRedWings,0.00994488501625
boulder,0.00843281467445
toronto,0.0105674350708
Magic,0.00343147408692
CrusaderKings,0.0104611227484
FixedGearBicycle,0.00691479390974
beards,0.00874094854931
PrettyGirlsUglyFaces,0.00886215617515
overclocking,0.0129241057066
AbandonedPorn,0.00818363657653
spikes,0.0310326402742
Rabbits,0.00863275342229
motorcycles,0.0105358432987
progressive,0.00717085289498
postrock,0.00939611978058
progun,0.00906372038045
Marijuana,0.00735722060103
Minneapolis,0.00787040393258
croatia,0.0165236945017
ClashOfClans,0.0123031545391
corgi,0.00898727644746
PHP,0.0112371558948
cringe,0.0105494888453
airsoftmarket,0.0146437171154
bakchodi,0.0667027351509
Rochester,0.00450322627665
CalgaryFlames,0.0122102360695
devils,0.0105781120276
sex,0.0110293722828
SanJose,0.00943482440807
see,0.0092451590122
friendsafari,0.0350553844178
sips,0.0117956105623
Vaping101,0.0774778730446
HeroesofNewerth,0.0104434575669
analog,0.0080917791994
badphilosophy,0.0108820079001
cosplay,0.00838693276917
AmericanHorrorStory,0.00846271162663
foodhacks,0.00838761074862
Anarchy101,0.011118287189
RWBY,0.00835981972214
steelers,0.0102899943917
AsianLadyboners,0.0123441892721
iosgaming,0.00909928624082
latin,0.0098179500429
flightsim,0.00969818952401
PixelArt,0.00688837979239
transtimelines,0.0156500520608
javascript,0.010783931378
celebnsfw,0.00975890185091
tf2trade,0.0118530616185
fakeid,0.0
newhampshire,0.00676727015702
Unexpected,0.00995659246493
saskatoon,0.0136904179645
Sherlock,0.00911876527208
baltimore,0.00732240071951
drunk,0.00824295143084
xxfitness,0.00875395064717
community,0.00955540878283
BBWGW,0.0279340795099
linux,0.00911901393536
femalefashionadvice,0.0086328779192
java,0.0121851118942
PotterPlayRP,0.0709370305648
bostonceltics,0.0116413882201
Guitar,0.0100069489102
southafrica,0.0413036422399
California,0.00723199351957
ireland,0.0111441302834
peacecorps,0.01718326525
web_design,0.00923759462614
orioles,0.0115711664986
EA_NHL,0.00879346021599
Beatmatch,0.0176512293147
gay,0.0108972142626
mturk,0.0133231303587
germanshepherds,0.00733275126355
curlyhair,0.00898403310479
thelastofus,0.00989882728481
forza,0.0096843177463
buildapcforme,0.0136456263355
sandiego,0.00859503255548
Chromecast,0.00797236584933
Flipping,0.00693174290172
socialism,0.00900444655523
ultrahardcore,0.0239595316752
MtF,0.0200154271313
OnOff,0.0116619874486
C25K,0.0108843750875
portugal,0.0150715372966
rit,0.013264686338
Filmmakers,0.00926581290731
RandomActsOfBlowJob,0.0153170432061
southpark,0.00823459444962
funny,0.0183037014994
astrophotography,0.00914366951421
italy,0.00983768341989
migraine,0.00779599083565
selfimprovement,0.00911872148406
stlouisblues,0.0129537154005
chelseafc,0.0100340590477
SaltLakeCity,0.00677961732003
yoga,0.00729448895612
windows8,0.00869110788045
fifthworldproblems,0.00843257255265
indianapolis,0.00591534471956
knitting,0.00867713678679
borussiadortmund,0.0129484635184
AnimalsBeingJerks,0.00926567670306
KDRAMA,0.0258636287837
torontoraptors,0.0104016815256
catpictures,0.00761166455287
lacrosse,0.00255069845973
OutreachHPG,0.00996344924475
infertility,0.0246741693892
ArtistLounge,0.0326149306101
anime,0.0116016816425
RedditDads,0.0323010261863
Iceland,0.00677943094842
chemistry,0.00948331178339
exjw,0.0124974266734
breastfeeding,0.0179384752152
Albany,0.00369179283944
Piracy,0.00694536650467
PublicFreakout,0.00910848327512
Porsche,0.0155256747707
OFWGKTA,0.00807682022662
Switzerland,0.0113214695798
SkyDiving,0.00808268106304
Magicdeckbuilding,0.0511537455065
firefox,0.00782161159028
startups,0.00882077969413
gaybrosgonemild,0.0315342134645
carporn,0.00885668279004
TalesFromRetail,0.00929228663144
hiking,0.00715380748901
Parenting,0.00911214660806
CasualPokemonTrades,0.0239704278178
quityourbullshit,0.00838752313031
ProtectAndServe,0.00893076505755
rangers,0.00804364505388
Fallout,0.01043906666
PlayStationPlus,0.00834736793205
mycology,0.00578880121006
exmormon,0.0117156617046
NSFW_GIF,0.0115314676349
HomeNetworking,0.0112657170584
Harley,0.00849532504858
glasgow,0.0309330707099
BipolarReddit,0.00766058524267
jacksonville,0.0147401805046
RedPillWomen,0.0133729654311
ConfusedBoners,0.00833895003014
strife,0.00878514261532
UBC,0.0189929923083
csshelp,0.007549386054
MTGLegacy,0.119243731985
google,0.00763603094389
gardening,0.00757569661508
unitedkingdom,0.010325603714
watercooling,0.0240994962573
circlebroke2,0.0105000827901
interestingasfuck,0.0092388908088
FeMRADebates,0.0121609109771
SFGiants,0.0100932582572
Warmachine,0.0139508559781
AMA,0.00935585087833
Albuquerque,0.00902159780725
DarkNetMarkets,0.00903571182845
religion,0.00792485162946
Gunsforsale,0.020369231705
graphic_design,0.00815280031514
montageparodies,0.00925801915023
DeadBedrooms,0.00829649308335
Economics,0.00851930165608
Hawaii,0.00484792357705
rccars,0.00959254853935
Flyers,0.0105784388392
lewronggeneration,0.0089549931823
roblox,0.0083415090764
Unity3D,0.0102429686629
Romania,0.0220708464267
calvinandhobbes,0.00974441229505
PolishGauntlet,0.0165654617245
melbourne,0.0114297273624
Pmsforsale,0.0223277343225
reddevils,0.0103881342191
ShitAmericansSay,0.00836019606124
intj,0.00799830585583
selfharm,0.00792905332171
subaru,0.00902381457216
weddingplanning,0.00939962127493
tifu,0.0121209852532
france,0.00938458096556
SimCity,0.00793542698396
loseit,0.00944767017806
statistics,0.0100116563803
TinyHouses,0.00677229031891
SquaredCircle,0.0114324770393
linux4noobs,0.00932453415044
mylittleandysonic1,0.00718077521076
sousvide,0.0121946344094
asstastic,0.0219082971787
ifyoulikeblank,0.00767146749765
BeardedDragons,0.0198802354687
design_critiques,0.0128328966779
Suomi,0.022343774001
lockpicking,0.00754882566464
teslamotors,0.00818377771229
Cigarettes,0.00624652362352
gatech,0.0115235772689
dirtypenpals,0.016168360182
sailormoon,0.00668705591114
russian,0.0136593900553
NoFap,0.0125811090173
Austin,0.0111223774147
ProgrammerHumor,0.00826531861005
bettafish,0.00930218681305
Random_Acts_Of_Amazon,0.00690831371138
pathofexile,0.0121166912764
infj,0.0119133573609
discexchange,0.0
forhire,0.00797775435671
askdrugs,0.0104994357253
conlangs,0.00764089408706
civ,0.010400117171
lookatmydog,0.00771829354609
RealEstate,0.00696728949955
infp,0.00818692195913
TrueAskReddit,0.00772879503356
engineering,0.00862802323668
ExploreFiction,0.0
CanadianForces,0.0119439563283
Seahawks,0.0108215619369
rpg_gamers,0.00763243752153
CivcraftExchange,0.0499641067939
workgonewild,0.0253600188667
tabletopgamedesign,0.00855083994689
Baking,0.00840331524988
gopro,0.00640684631742
socialanxiety,0.00840324171385
londonontario,0.0217258167039
ModernMagic,0.100349353695
orangecounty,0.00641184692727
askcarsales,0.00942038439925
SketchDaily,0.0197662775707
dota2loungebets,0.0249728969547
urbanexploration,0.00817754613788
crossdressing,0.0157832397323
inthenews,0.00835701321055
BuyItForLife,0.00678736321735
syriancivilwar,0.0101759457442
Drifting,0.0168406860906
shanghai,0.0339808638444
Eminem,0.00645861064057
picrequests,0.0107472116052
archlinux,0.0133228993775
GYBB,0.0425898491289
holdmybeer,0.0086155543976
FreeKarma,0.00488423741708
premed,0.013426409586
seinfeld,0.00774859700004
dwarffortress,0.00865265817961
PanicHistory,0.00923159688643
Throwers,0.0
tulsa,0.0
UpliftingNews,0.0103988780217
3amjokes,0.0112129127193
GunsAreCool,0.00979166795707
Edmonton,0.00964471492606
techsupportgore,0.00793124485159
Surface,0.00931545003047
CrappyDesign,0.0083205852075
Patriots,0.00908496289939
hackintosh,0.00813836113209
Libertarian,0.00832579680736
Seattle,0.0104671934922
Anarcho_Capitalism,0.00938031849319
Whatisthis,0.00829839507877
Paleo,0.00751055720031
EatCheapAndHealthy,0.00747699721968
gentlemanboners,0.00951779032143
stalker,0.00756687049583
blackpeoplegifs,0.00932791022974
redditgetsdrawn,0.010382552566
Naruto,0.011278423162
Norway,0.00940035237692
vmware,0.0138536733394
no_sob_story,0.0102451618443
newjersey,0.00777993223153
falcons,0.0130111009602
Warthunder,0.0113747286272
DebateReligion,0.00890080890209
mindcrack,0.0106425351755
AfterEffects,0.0181267355945
AskNetsec,0.0147022250536
MotoG,0.0143931700219
AnimalCrossing,0.00798192934504
skrillex,0.0179736454075
languagelearning,0.00642253748165
MotoX,0.0105382717321
pantsu,0.0179164018974
crossfit,0.0097207373126
Ingress,0.00960803124137
tipofmypenis,0.0170290325107
survivor,0.0079380271386
DWMA,0.0188543745091
ShotBow,0.0217969999296
alaska,0.00745886408552
mtgfinance,0.0950407550829
losangeleskings,0.0118977628994
apple,0.00979149054745
Assistance,0.00719093022315
confession,0.00820112354056
KingOfTheHill,0.0081493678432
ActionFigures,0.0104554276285
Firearms,0.0081978393374
festivals,0.00941866288521
singing,0.010301924249
FifaCareers,0.0171120810888
NewsOfTheStupid,0.00799055799256
eldertrees,0.00715256568557
peloton,0.0143013475291
AustralianMakeup,0.0140997337126
eagles,0.00796466569788
tipofmytongue,0.010468746426
Denmark,0.00876437400291
opiates,0.0095618655609
parrots,0.00851495915001
LifeProTips,0.0106629295601
asoiaf,0.0120223360812
penis,0.0160831907147
AskMen,0.00984579881014
beermoney,0.00772539657313
childfree,0.00878492976358
findareddit,0.00693099821019
Birmingham,0.00630025580123
gundeals,0.0127340060779
ferrets,0.00773851276515
solotravel,0.00613054481653
ShitPoliticsSays,0.0108134896284
learnprogramming,0.00867472105373
TwoBestFriendsPlay,0.00896379759609
TalesFromYourServer,0.00832737143679
Ask_Politics,0.0103640196879
asktrp,0.0101642785
netsec,0.00863908173828
Xcom,0.00808164451595
needadvice,0.00756084776341
CableManagement,0.00938111074937
playmindcrack,0.031302347012
PickAnAndroidForMe,0.0135917984245
polandball,0.0101444944298
GiftofGames,0.00736602316459
kickstarter,0.00749397973754
highdeas,0.00805316398032
Nissan,0.0188093386937
philosophy,0.0104681327627
Mommit,0.0103840622571
classic4chan,0.00869266436414
paintball,0.0102341752642
trees,0.0143652732267
dragonage,0.00929616121565
dating_advice,0.0104545850643
listentothis,0.0105953318941
poppunkers,0.00734310764677
software,0.00793312126512
cableporn,0.00856396241866
bartenders,0.016738251192
houston,0.0101186285277
amiugly,0.0104910353546
electronic_cigarette,0.0117625384493
actuallesbians,0.00912782083038
Supernatural,0.00980804028917
spotify,0.00692630456756
BabyBumps,0.0124464950682
clothdiaps,0.0208125432598
gaybros,0.010854042684
pornfree,0.011497325678
fantasybaseball,0.00858898483917
nostalgia,0.00810477060107
pugs,0.0105193591797
HITsWorthTurkingFor,0.0210837616511
Maplestory,0.00645485805838
Gore,0.00904148701254
MensRights,0.0090843405611
YMS,0.00779739775791
LosAngeles,0.0089109225468
smallbusiness,0.00736687705731
Miami,0.0068285640731
DebateAnAtheist,0.00958874363388
martialarts,0.00658427533754
tmobile,0.00854628043578
LiverpoolFC,0.0102971211197
tightdresses,0.0189986245894
nfl,0.0120073939621
PropagandaPosters,0.00780282892976
mashups,0.00835182096041
trap,0.00721967643672
minimalism,0.00762628102887
eu4,0.0116279274182
PJRP_Community,0.0732795870897
lfg,0.0180751543241
MakeNewFriendsHere,0.0118123298839
DoctorWhumour,0.00833597815303
TrollXChromosomes,0.0107724634163
serbia,0.0137594406111
Madden,0.0107062222477
TEFL,0.00830764078141
memes,0.010058799186
books,0.013142452077
popping,0.00931610707176
entertainment,0.00768223582558
PKA,0.00899015319759
China,0.00809567412921
RoomPorn,0.00846972493739
Hotwife,0.0208249257939
electronics,0.00757639729131
math,0.0085564320786
wallpaper,0.0103977762912
whatcarshouldIbuy,0.0145541845669
AppalachianTrail,0.0178051813803
conservatives,0.0143429709945
GamePhysics,0.00828385036622
pokemontrades,0.0211095335479
Buffalo,0.00659132910163
RedHotChiliPeppers,0.00817614108044
Firefighting,0.00925783323628
Borderlands,0.00906849389694
recipes,0.00732047118685
florida,0.00746309267396
Rainmeter,0.00882014185792
Planetside,0.0115538273414
49ers,0.00920917472191
resumes,0.0104123088029
gunpolitics,0.0100007525705
nexus4,0.00929915141254
CHIBears,0.00889524620479
AsiansGoneWild,0.0202417274646
Indiemakeupandmore,0.0141291134912
gonewildcurvy,0.0122214447685
CrossStitch,0.00897077060063
privacy,0.00726998804517
classicalmusic,0.00709309477691
Awesomenauts,0.0126663217058
Frat,0.00375748877954
Disneyland,0.00542164695622
alternativeart,0.00788913384219
Boobies,0.0134958952524
MuayThai,0.0154923002792
Sidehugs,0.0134708997927
Terraria,0.00814953540041
breakingmom,0.0117574447715
raisedbynarcissists,0.0089786358599
BitcoinMarkets,0.012059471391
skyrim,0.010660522418
InsideGaming,0.0109142394706
SRSGaming,0.0128657570502
ipad,0.00788457042587
thatHappened,0.00972174293803
sweden,0.0121303519831
torrents,0.00711888570252
ChronicPain,0.0056629792411
bisexual,0.00591598572945
urbanplanning,0.00698120432998
mflb,0.0123725533617
Aquariums,0.00890131924837
sysadmin,0.00974820157168
explainlikeIAmA,0.00881039446029
homelab,0.0101356324509
redsox,0.00703474330953
Nootropics,0.00708263396315
billiards,0.00301134094555
IAmA,0.0155396920364
bonnaroo,0.00579078496996
Reformed,0.0295030391902
slowcooking,0.00700458185309
UnresolvedMysteries,0.00918624503633
nonononoyes,0.00860264390983
FutureWhatIf,0.00866560646723
firefly,0.00835228143086
rawdenim,0.00977393041412
aww,0.0159892622786
Kayaking,0.00955327736423
Games,0.0122082242541
hearthstone,0.013459635972
indiegameswap,0.0195935492571
glitch_art,0.00731186981254
secretsanta,0.00820831984425
shroomers,0.0144224451193
HailCorporate,0.00855650184613
painting,0.0102538804856
wow,0.0139351290294
IDAP,0.00789820113345
weightroom,0.00971611586964
RandomActsOfGaming,0.00867727442726
redheads,0.0213658755481
Smite,0.0114495697131
photocritique,0.00910996516104
xbox360,0.00818203158346
PoliticalDiscussion,0.00851402127
teslore,0.0103748511536
manchester,0.01824645881
StonerPhilosophy,0.00755928201269
TheBluePill,0.00829821252896
MDMA,0.0110885733887
learnmath,0.00977487498864
hugeboobs,0.0237189002222
blunderyears,0.00885551741505
piano,0.0072207654167
ecigclassifieds,0.0299077279211
buildapcsales,0.00912559595636
shutupandtakemymoney,0.00720334838302
Tulpas,0.00668105612622
photography,0.00920862022432
JusticePorn,0.00960449867538
diablo3,0.0123935729445
Fitness,0.0129517174994
dirtykikpals,0.0180201059616
magicTCG,0.012667695287
powerlifting,0.0337453154951
hometheater,0.00724787525751
spotted,0.00954345735405
europe,0.00978733835079
RATS,0.00773301076937
Justrolledintotheshop,0.00886439292176
korea,0.00787015782371
roosterteeth,0.011269784239
skateboarding,0.00828133906993
CODZombies,0.009382837917
againstmensrights,0.0132804471812
TrueAnime,0.0160837077337
Vivillon,0.0485387951326
truegaming,0.00857942468277
flyfishing,0.00825137789178
Blacksmith,0.00879309687288
AskCulinary,0.00746576876265
AllThingsTerran,0.0255636731494
Republican,0.0115510102901
medicalschool,0.00890827941683
CollegeBasketball,0.0082783539245
nashville,0.00367269980263
linguistics,0.00693170767258
tonightsdinner,0.0101563416039
facepalm,0.0100881857858
acturnips,0.0946546973001
NotTimAndEric,0.0090272401275
MaleFashionMarket,0.0291787400492
Roku,0.00733952603752
NASCAR,0.00652038540416
pinkfloyd,0.00619086919166
Harmontown,0.0101348934194
uhccourtroom,0.0386985958563
keto,0.00989545916648
Motocross,0.0133439338527
norge,0.0154583715703
nosleep,0.0155871626891
Stretched,0.00825329961075
Design,0.00785494266525
Quebec,0.0102798363711
buildapc,0.0120573881232
ucf,0.0171062965605
incest,0.0121458673291
Music,0.014913093173
MMFB,0.00657408557939
rpg,0.00867655193468
oakland,0.0162991577397
3Dprinting,0.0095927263295
Homebrewing,0.0088302118454
TheWire,0.00696568812669
Brooklyn,0.00655319124998
HomeImprovement,0.00672945721457
Thailand,0.00555972905217
WorldofTanks,0.0102147828345
verizon,0.0104023808971
Wellington,0.02144773689
IndieGaming,0.00810374182152
ravens,0.0132687882585
FullmetalAlchemist,0.011768437862
minerapocalypse,0.0214752049173
pkmntcg,0.0121504382695
Neverwinter,0.0112311327189
podcasts,0.00903343140975
softwaregore,0.00736394012849
Needafriend,0.0094200243133
BigBoobsGW,0.0251551162298
hoggit,0.013169007967
hardware,0.00780459786148
Briggs,0.0162675092652
shorthairedhotties,0.00747843330085
starcraft,0.0123406648117
tattoo,0.00682333080807
Dogtraining,0.00769720501107
productivity,0.0082048083617
transpassing,0.0118061477826
katawashoujo,0.0079451271281
Whatcouldgowrong,0.00882922550662
notinteresting,0.00952377930004
birthcontrol,0.0101589903976
aggies,0.0135580038194
wargame,0.0105642103164
leangains,0.0150186543646
Teachers,0.00741559229261
MTB,0.0083247664699
24hoursupport,0.00984312368638
gratefuldead,0.00472603469985
diabetes,0.00996666556961
BurningMan,0.0040938683542
indonesia,0.00498207547382
HumanPorn,0.0084234706579
240sx,0.0207144439227
Aleague,0.0119639409556
Sprint,0.0131094138718
audio,0.00670015857427
retrogaming,0.00702345107594
drawing,0.00888461443401
EmmaWatson,0.0093689022299
GifSound,0.0091769225896
FancyFollicles,0.0088402151461
TagPro,0.0110724770761
circlebroke,0.00884720825113
ArtisanVideos,0.00830562556878
gaybears,0.0375314446247
masseffect,0.009905121231
futurama,0.00932436559704
DirtySnapchat,0.0203366354388
BeardPorn,0.00659543465633
minnesotavikings,0.00943060834529
audioengineering,0.00787394481026
ReefTank,0.0134342136124
Diablo,0.011673344733
androidthemes,0.0096934281983
aoe2,0.010365549244
blackberry,0.00760666833736
bigboobproblems,0.00730261629765
cumsluts,0.0231824151931
howto,0.00718841751217
MosinNagant,0.0174648591082
cringepics,0.012056632875
belgium,0.00843537689401
beertrade,0.0166019244624
thewalkingdead,0.00995941467408
dubai,0.00841399208112
lost,0.00906326274403
GlobalOffensiveTrade,0.0159183855099
Paranormal,0.010042953377
GLRP_EastBlue,0.034875709795
4chan,0.0107606650057
NHLHUT,0.0164647536465
LeagueOfMemes,0.00817072125741
MechanicalKeyboards,0.00869376824479
NYGiants,0.00801744059793
xboxone,0.0113045006649
GolfGTI,0.0224138081823
tumblr,0.0105200433389
burstingout,0.0237980713575
mathrock,0.0124590039822
halifax,0.0117528443407
batonrouge,0.061215853073
Eugene,0.0113898758142
reloading,0.0144736636413
Coffee,0.00760018857258
heroesofthestorm,0.00884296035138
canadaguns,0.00991788806253
SkincareAddiction,0.0096494888983
OSU,0.0179481820638
KansasCityChiefs,0.0119056350229
ACMilan,0.0115734592385
HogwartsRP,0.0845521357194
Hardcore,0.008148186093
SubredditDrama,0.00884390007689
starbound,0.0089800732456
biology,0.00808488217905
CookieClicker,0.00776626522059
delusionalartists,0.008071295295
StLouisRams,0.0133995104738
rotmgtradingpost,0.0
bayarea,0.00810487972874
worldbuilding,0.00792227432936
retrogameswap,0.0213368960975
sportsbook,0.00698673506765
DrugNerds,0.00822520493448
SolForge,0.0197585731345
GameDeals,0.0106401125453
battlestations,0.00887660446985
androidcirclejerk,0.00782306778581
paradoxplaza,0.0105797012701
nyjets,0.00992088368908
CrohnsDisease,0.00546662259693
boltedontits,0.0230719430911
pussy,0.0229936636259
hiphopheads,0.0106612670096
Animesuggest,0.00893989949635
weather,0.00613756476118
Sneakers,0.008631108652
Calgary,0.00839416698664
cs50,0.0
Damnthatsinteresting,0.00927247884868
networking,0.00910993672112
typography,0.00644633856498
rct,0.00467874723713
MorbidReality,0.00885410655822
introvert,0.00711749046837
Portal,0.00657265289345
howardstern,0.00604736173722
MINI,0.013981004552
tasker,0.0136093065583
gaymers,0.0086614290477
treesgonewild,0.0135326917783
Detroit,0.00852013067496
Trucking,0.0112866483745
HipHopImages,0.00807789017308
buffalobills,0.00991067115073
Metalcore,0.00932880738043
opieandanthony,0.00962542952979
memphis,0.0
whatsthisbird,0.0102491715022
MachineLearning,0.0106741411845
geocaching,0.00588458176982
randomsuperpowers,0.0223979716397
PercyJacksonRP,0.0615186637214
Civcraft,0.00900335776955
buffy,0.00742266722233
education,0.00861090017177
bestofworldstar,0.00849108511335
autism,0.00710092063918
DAE,0.00881444424122
girlsinyogapants,0.0113486254428
DestinyTheGame,0.0137449062255
AskSocialScience,0.00930260383116
ImaginaryLandscapes,0.00911704289329
TheWayWeWere,0.00742918162452
DippingTobacco,0.00729137536924
badtattoos,0.00920675885471
animegifs,0.00989177270991
phish,0.003894725698
raspberry_pi,0.00796255148232
quilting,0.0105013164588
SuicideWatch,0.00974583894267
minecraftsuggestions,0.00811918116716
Warhammer,0.00953538208259
bigdickproblems,0.00812474164225
nintendo,0.00929364678723
allthingszerg,0.0460694660799
TeraOnline,0.00792235317366
Starcitizen_trades,0.0172923452346
Dota2Trade,0.0209645237875
CannabisExtracts,0.00721272748099
GirlGamers,0.00689127605076
slashdiablo,0.0
Whiskyporn,0.0336141562056
atheism,0.0126347897234
visualnovels,0.0129041952723
coys,0.0113148317441
Spanish,0.0117674731227
stopsmoking,0.00930429795867
MassiveCock,0.0143030567115
speedrun,0.00800301342121
oklahoma,0.00835567543244
GWNerdy,0.0197992986563
